user_id,attempt_timestamp,success,failure_reason
U1000,2025-02-17 17:00:00,1,
U1000,2025-01-22 11:00:00,0,Incorrect password
U1000,2025-02-14 14:00:00,0,Network error
U1000,2025-01-18 09:00:00,1,
U1001,2025-01-15 03:00:00,1,
U1001,2025-02-16 06:00:00,1,
U1001,2025-01-21 03:00:00,0,Incorrect password
U1002,2025-03-02 22:00:00,1,
U1002,2025-01-12 06:00:00,0,Suspicious device
U1002,2025-01-14 23:00:00,1,
U1002,2025-01-31 08:00:00,1,
U1002,2025-02-16 18:00:00,1,
U1003,2025-02-08 09:00:00,1,
U1003,2025-01-07 06:00:00,1,
U1003,2025-01-19 07:00:00,0,Network error
U1003,2025-01-24 05:00:00,1,
U1003,2025-01-20 00:00:00,0,Suspicious device
U1004,2025-01-09 08:00:00,1,
U1004,2025-01-03 01:00:00,0,Incorrect password
U1004,2025-02-05 09:00:00,1,
U1004,2025-02-14 04:00:00,1,
U1004,2025-02-10 15:00:00,1,
U1005,2025-02-25 00:00:00,0,Expired OTP
U1006,2025-01-19 15:00:00,0,Network error
U1006,2025-01-31 14:00:00,0,Suspicious device
U1006,2025-01-22 05:00:00,1,
U1006,2025-01-04 08:00:00,1,
U1006,2025-03-02 15:00:00,1,
U1007,2025-02-22 02:00:00,1,
U1008,2025-02-01 02:00:00,1,
U1008,2025-02-06 20:00:00,0,Suspicious device
U1008,2025-02-13 01:00:00,1,
U1008,2025-01-10 04:00:00,1,
U1009,2025-03-02 09:00:00,0,Expired OTP
U1009,2025-01-06 07:00:00,1,
U1009,2025-01-08 17:00:00,0,Incorrect password
U1009,2025-02-18 13:00:00,0,Expired OTP
U1009,2025-02-08 19:00:00,0,Expired OTP
U1010,2025-01-15 16:00:00,0,Suspicious device
U1010,2025-01-25 14:00:00,1,
U1010,2025-02-28 14:00:00,0,Incorrect password
U1010,2025-01-20 18:00:00,1,
U1010,2025-01-28 09:00:00,1,
U1011,2025-02-09 01:00:00,1,
U1011,2025-02-09 23:00:00,1,
U1011,2025-01-07 06:00:00,1,
U1011,2025-02-10 06:00:00,1,
U1011,2025-01-17 21:00:00,1,
U1012,2025-01-11 07:00:00,1,
U1013,2025-02-05 02:00:00,1,
U1013,2025-01-11 00:00:00,1,
U1014,2025-01-29 22:00:00,1,
U1014,2025-02-08 15:00:00,1,
U1014,2025-01-19 01:00:00,0,Network error
U1014,2025-01-15 09:00:00,1,
U1015,2025-02-14 14:00:00,1,
U1015,2025-01-05 21:00:00,1,
U1015,2025-01-15 08:00:00,1,
U1016,2025-02-12 06:00:00,1,
U1016,2025-01-28 03:00:00,1,
U1016,2025-02-04 07:00:00,1,
U1016,2025-02-11 04:00:00,1,
U1016,2025-02-28 08:00:00,1,
U1017,2025-01-05 01:00:00,1,
U1017,2025-01-11 09:00:00,1,
U1018,2025-02-17 18:00:00,1,
U1018,2025-02-28 09:00:00,1,
U1018,2025-01-29 03:00:00,1,
U1018,2025-01-30 22:00:00,1,
U1018,2025-01-20 22:00:00,0,Incorrect password
U1019,2025-03-02 08:00:00,1,
U1019,2025-02-02 17:00:00,1,
U1019,2025-02-01 14:00:00,1,
U1019,2025-01-06 19:00:00,1,
U1020,2025-02-26 13:00:00,1,
U1021,2025-02-08 08:00:00,0,Suspicious device
U1021,2025-01-02 02:00:00,0,Incorrect password
U1021,2025-01-15 21:00:00,0,Network error
U1022,2025-02-07 00:00:00,1,
U1022,2025-02-18 21:00:00,1,
U1022,2025-02-22 08:00:00,1,
U1022,2025-02-06 01:00:00,1,
U1022,2025-02-18 05:00:00,1,
U1023,2025-02-03 20:00:00,0,Expired OTP
U1023,2025-01-29 08:00:00,1,
U1023,2025-01-12 18:00:00,1,
U1023,2025-01-28 20:00:00,1,
U1024,2025-01-06 15:00:00,0,Network error
U1024,2025-01-23 13:00:00,1,
U1024,2025-01-22 10:00:00,1,
U1024,2025-02-12 03:00:00,1,
U1025,2025-01-22 13:00:00,1,
U1025,2025-02-14 15:00:00,1,
U1026,2025-02-12 12:00:00,1,
U1026,2025-02-22 17:00:00,1,
U1026,2025-01-03 14:00:00,1,
U1027,2025-01-21 08:00:00,1,
U1028,2025-01-08 12:00:00,1,
U1028,2025-02-25 16:00:00,1,
U1028,2025-02-22 00:00:00,1,
U1029,2025-01-30 13:00:00,0,Suspicious device
U1029,2025-01-04 06:00:00,1,
U1029,2025-02-03 11:00:00,1,
U1029,2025-02-09 15:00:00,1,
U1029,2025-02-10 14:00:00,1,
U1030,2025-01-14 08:00:00,1,
U1031,2025-01-09 09:00:00,0,Network error
U1031,2025-01-29 22:00:00,0,Incorrect password
U1031,2025-02-01 03:00:00,1,
U1031,2025-01-02 20:00:00,1,
U1031,2025-02-08 07:00:00,1,
U1032,2025-01-20 17:00:00,0,Suspicious device
U1032,2025-01-01 17:00:00,1,
U1033,2025-01-06 07:00:00,1,
U1033,2025-02-23 03:00:00,0,Incorrect password
U1033,2025-01-30 03:00:00,0,Incorrect password
U1033,2025-02-11 04:00:00,1,
U1034,2025-03-01 22:00:00,1,
U1034,2025-01-19 16:00:00,1,
U1034,2025-02-15 08:00:00,1,
U1034,2025-01-27 15:00:00,1,
U1035,2025-01-16 14:00:00,1,
U1035,2025-02-05 04:00:00,1,
U1035,2025-01-25 06:00:00,0,Network error
U1035,2025-02-28 19:00:00,1,
U1036,2025-02-17 04:00:00,1,
U1036,2025-02-25 02:00:00,1,
U1036,2025-01-18 13:00:00,0,Expired OTP
U1036,2025-01-22 16:00:00,1,
U1036,2025-01-18 00:00:00,0,Suspicious device
U1037,2025-02-16 09:00:00,1,
U1037,2025-02-23 18:00:00,0,Expired OTP
U1037,2025-02-07 21:00:00,1,
U1038,2025-02-25 04:00:00,1,
U1038,2025-01-29 17:00:00,0,Network error
U1038,2025-01-31 11:00:00,1,
U1038,2025-01-22 17:00:00,1,
U1039,2025-01-25 14:00:00,0,Incorrect password
U1039,2025-03-01 10:00:00,1,
U1039,2025-02-25 06:00:00,1,
U1039,2025-02-14 07:00:00,1,
U1039,2025-02-06 12:00:00,1,
U1040,2025-02-24 13:00:00,1,
U1040,2025-01-03 10:00:00,1,
U1041,2025-02-15 12:00:00,1,
U1041,2025-01-25 21:00:00,1,
U1041,2025-02-20 20:00:00,1,
U1041,2025-01-10 15:00:00,1,
U1042,2025-01-09 16:00:00,1,
U1043,2025-01-22 03:00:00,1,
U1043,2025-02-25 14:00:00,1,
U1043,2025-01-07 16:00:00,1,
U1043,2025-02-28 14:00:00,1,
U1043,2025-01-01 23:00:00,1,
U1044,2025-01-27 20:00:00,0,Incorrect password
U1044,2025-01-10 02:00:00,1,
U1045,2025-02-20 08:00:00,1,
U1045,2025-01-22 19:00:00,1,
U1045,2025-02-14 12:00:00,1,
U1045,2025-02-11 02:00:00,1,
U1046,2025-02-24 21:00:00,1,
U1046,2025-02-24 17:00:00,1,
U1046,2025-01-25 10:00:00,0,Network error
U1047,2025-02-25 17:00:00,0,Expired OTP
U1047,2025-01-03 19:00:00,0,Expired OTP
U1047,2025-01-05 07:00:00,1,
U1047,2025-02-10 21:00:00,0,Incorrect password
U1048,2025-01-15 23:00:00,1,
U1048,2025-01-06 13:00:00,1,
U1048,2025-01-07 20:00:00,0,Suspicious device
U1049,2025-01-29 05:00:00,1,
U1050,2025-02-27 00:00:00,0,Suspicious device
U1050,2025-01-03 10:00:00,0,Incorrect password
U1050,2025-02-20 01:00:00,1,
U1051,2025-01-23 11:00:00,1,
U1051,2025-01-28 04:00:00,1,
U1051,2025-01-16 16:00:00,0,Network error
U1052,2025-02-06 21:00:00,1,
U1052,2025-02-20 05:00:00,0,Incorrect password
U1052,2025-01-11 05:00:00,0,Incorrect password
U1052,2025-01-06 19:00:00,1,
U1053,2025-02-09 21:00:00,1,
U1053,2025-01-16 15:00:00,0,Suspicious device
U1053,2025-02-28 18:00:00,1,
U1053,2025-01-10 07:00:00,1,
U1054,2025-02-10 08:00:00,0,Network error
U1054,2025-01-30 08:00:00,1,
U1054,2025-02-12 00:00:00,1,
U1054,2025-02-27 14:00:00,1,
U1055,2025-02-13 17:00:00,1,
U1055,2025-01-11 02:00:00,1,
U1055,2025-01-29 11:00:00,1,
U1056,2025-01-20 20:00:00,1,
U1056,2025-01-28 22:00:00,1,
U1056,2025-01-17 14:00:00,1,
U1056,2025-02-24 09:00:00,0,Expired OTP
U1056,2025-01-13 12:00:00,1,
U1057,2025-01-07 07:00:00,0,Incorrect password
U1057,2025-01-25 18:00:00,1,
U1057,2025-01-23 18:00:00,0,Network error
U1057,2025-01-19 22:00:00,0,Expired OTP
U1058,2025-01-02 21:00:00,0,Incorrect password
U1058,2025-01-26 08:00:00,1,
U1058,2025-01-01 18:00:00,0,Expired OTP
U1059,2025-02-28 19:00:00,1,
U1060,2025-02-23 09:00:00,0,Incorrect password
U1060,2025-02-19 07:00:00,0,Incorrect password
U1060,2025-02-08 11:00:00,1,
U1060,2025-01-15 20:00:00,1,
U1061,2025-02-09 08:00:00,1,
U1061,2025-02-13 23:00:00,1,
U1062,2025-02-10 03:00:00,1,
U1062,2025-02-27 20:00:00,1,
U1063,2025-01-20 14:00:00,1,
U1064,2025-02-07 11:00:00,1,
U1065,2025-01-06 09:00:00,1,
U1065,2025-01-21 23:00:00,0,Network error
U1066,2025-01-12 06:00:00,1,
U1066,2025-01-09 17:00:00,1,
U1066,2025-02-26 11:00:00,1,
U1066,2025-02-03 16:00:00,1,
U1067,2025-02-23 05:00:00,1,
U1067,2025-01-17 15:00:00,1,
U1067,2025-02-21 09:00:00,0,Expired OTP
U1068,2025-02-21 03:00:00,1,
U1068,2025-01-30 02:00:00,1,
U1068,2025-01-10 07:00:00,1,
U1069,2025-02-24 17:00:00,1,
U1069,2025-01-24 02:00:00,0,Suspicious device
U1069,2025-02-20 12:00:00,1,
U1069,2025-01-01 08:00:00,1,
U1070,2025-01-08 14:00:00,1,
U1070,2025-01-24 21:00:00,0,Suspicious device
U1070,2025-02-17 21:00:00,1,
U1070,2025-01-17 18:00:00,0,Incorrect password
U1070,2025-01-25 20:00:00,0,Suspicious device
U1071,2025-01-07 21:00:00,1,
U1071,2025-01-15 15:00:00,0,Network error
U1071,2025-01-02 19:00:00,1,
U1072,2025-01-21 19:00:00,1,
U1072,2025-01-15 20:00:00,0,Suspicious device
U1072,2025-01-05 20:00:00,0,Network error
U1072,2025-02-22 14:00:00,1,
U1072,2025-02-28 22:00:00,1,
U1073,2025-02-11 13:00:00,0,Expired OTP
U1073,2025-01-08 04:00:00,1,
U1073,2025-01-03 01:00:00,0,Incorrect password
U1074,2025-02-01 03:00:00,0,Network error
U1074,2025-01-07 07:00:00,1,
U1074,2025-02-26 17:00:00,1,
U1075,2025-01-25 14:00:00,1,
U1075,2025-01-24 21:00:00,0,Expired OTP
U1076,2025-01-27 18:00:00,0,Incorrect password
U1076,2025-02-17 23:00:00,1,
U1076,2025-01-10 13:00:00,1,
U1076,2025-02-11 03:00:00,1,
U1076,2025-02-23 15:00:00,0,Expired OTP
U1077,2025-01-27 08:00:00,1,
U1077,2025-01-03 22:00:00,1,
U1077,2025-01-24 06:00:00,0,Incorrect password
U1077,2025-01-29 14:00:00,1,
U1077,2025-03-02 07:00:00,1,
U1078,2025-01-07 21:00:00,0,Expired OTP
U1078,2025-01-24 17:00:00,1,
U1078,2025-02-27 20:00:00,1,
U1079,2025-01-04 12:00:00,1,
U1079,2025-01-18 06:00:00,0,Incorrect password
U1079,2025-01-08 14:00:00,0,Network error
U1080,2025-02-12 06:00:00,1,
U1081,2025-01-02 01:00:00,1,
U1081,2025-02-20 10:00:00,1,
U1081,2025-01-16 04:00:00,1,
U1081,2025-02-20 18:00:00,0,Incorrect password
U1081,2025-01-14 02:00:00,1,
U1082,2025-01-14 18:00:00,0,Network error
U1082,2025-01-14 07:00:00,0,Incorrect password
U1082,2025-01-22 04:00:00,1,
U1082,2025-02-20 19:00:00,1,
U1082,2025-01-01 08:00:00,1,
U1083,2025-01-09 17:00:00,1,
U1083,2025-01-17 05:00:00,0,Expired OTP
U1084,2025-02-12 00:00:00,1,
U1085,2025-01-01 11:00:00,1,
U1085,2025-02-20 07:00:00,1,
U1086,2025-01-21 00:00:00,1,
U1086,2025-01-12 08:00:00,1,
U1086,2025-01-04 04:00:00,1,
U1086,2025-02-17 13:00:00,0,Network error
U1086,2025-02-03 03:00:00,1,
U1087,2025-01-31 14:00:00,1,
U1088,2025-02-02 18:00:00,1,
U1088,2025-01-07 14:00:00,1,
U1088,2025-02-02 07:00:00,0,Suspicious device
U1089,2025-01-03 23:00:00,1,
U1089,2025-02-20 21:00:00,0,Network error
U1089,2025-02-03 09:00:00,0,Expired OTP
U1089,2025-01-30 20:00:00,1,
U1089,2025-01-02 01:00:00,1,
U1090,2025-02-24 12:00:00,1,
U1090,2025-01-28 21:00:00,1,
U1090,2025-01-07 15:00:00,1,
U1090,2025-02-15 14:00:00,0,Incorrect password
U1091,2025-02-27 02:00:00,1,
U1092,2025-02-08 04:00:00,1,
U1092,2025-01-05 04:00:00,1,
U1092,2025-01-18 19:00:00,1,
U1093,2025-02-05 22:00:00,1,
U1093,2025-01-21 12:00:00,1,
U1093,2025-02-08 16:00:00,1,
U1093,2025-01-19 14:00:00,1,
U1093,2025-02-02 19:00:00,0,Suspicious device
U1094,2025-01-07 22:00:00,1,
U1094,2025-01-08 20:00:00,1,
U1094,2025-02-11 17:00:00,1,
U1094,2025-02-16 06:00:00,0,Suspicious device
U1095,2025-01-29 07:00:00,0,Suspicious device
U1095,2025-01-27 10:00:00,1,
U1095,2025-02-22 14:00:00,1,
U1095,2025-01-26 13:00:00,1,
U1096,2025-01-21 13:00:00,1,
U1097,2025-02-12 08:00:00,0,Network error
U1097,2025-01-24 04:00:00,1,
U1097,2025-02-13 15:00:00,0,Incorrect password
U1098,2025-01-06 02:00:00,1,
U1099,2025-01-28 03:00:00,1,
U1100,2025-02-21 04:00:00,1,
U1100,2025-02-05 01:00:00,1,
U1100,2025-02-07 17:00:00,0,Network error
U1101,2025-01-22 21:00:00,1,
U1101,2025-01-08 13:00:00,1,
U1101,2025-01-23 21:00:00,0,Network error
U1101,2025-03-02 13:00:00,1,
U1101,2025-02-25 23:00:00,1,
U1102,2025-01-19 19:00:00,1,
U1103,2025-01-23 03:00:00,1,
U1103,2025-02-06 16:00:00,1,
U1103,2025-01-14 04:00:00,1,
U1104,2025-01-15 03:00:00,1,
U1104,2025-01-23 17:00:00,0,Expired OTP
U1104,2025-01-24 03:00:00,0,Incorrect password
U1104,2025-02-18 08:00:00,0,Suspicious device
U1105,2025-01-15 13:00:00,0,Network error
U1105,2025-02-24 17:00:00,0,Incorrect password
U1105,2025-02-19 19:00:00,1,
U1105,2025-02-09 21:00:00,1,
U1105,2025-02-11 17:00:00,0,Expired OTP
U1106,2025-02-08 21:00:00,1,
U1107,2025-01-02 05:00:00,1,
U1107,2025-01-18 22:00:00,1,
U1107,2025-02-18 09:00:00,0,Suspicious device
U1108,2025-01-23 00:00:00,1,
U1108,2025-01-12 04:00:00,0,Expired OTP
U1108,2025-02-06 21:00:00,1,
U1109,2025-01-05 04:00:00,1,
U1109,2025-02-17 20:00:00,0,Incorrect password
U1109,2025-01-02 02:00:00,0,Incorrect password
U1109,2025-02-17 16:00:00,1,
U1110,2025-01-25 13:00:00,1,
U1110,2025-01-30 10:00:00,1,
U1111,2025-01-24 09:00:00,0,Network error
U1111,2025-02-16 10:00:00,1,
U1112,2025-02-08 02:00:00,1,
U1112,2025-02-26 01:00:00,1,
U1112,2025-01-10 05:00:00,1,
U1112,2025-02-18 19:00:00,0,Expired OTP
U1112,2025-01-04 21:00:00,1,
U1113,2025-01-18 14:00:00,1,
U1114,2025-02-01 19:00:00,1,
U1114,2025-01-29 13:00:00,0,Expired OTP
U1114,2025-01-18 06:00:00,1,
U1114,2025-02-18 16:00:00,0,Expired OTP
U1115,2025-01-23 13:00:00,1,
U1116,2025-01-19 21:00:00,1,
U1117,2025-02-01 16:00:00,0,Network error
U1117,2025-02-12 09:00:00,1,
U1117,2025-01-03 07:00:00,0,Incorrect password
U1117,2025-01-26 19:00:00,1,
U1117,2025-01-04 00:00:00,1,
U1118,2025-01-20 06:00:00,1,
U1118,2025-02-19 04:00:00,0,Network error
U1119,2025-01-19 10:00:00,1,
U1119,2025-01-08 00:00:00,0,Network error
U1119,2025-02-01 23:00:00,1,
U1120,2025-01-12 04:00:00,0,Incorrect password
U1120,2025-01-25 17:00:00,1,
U1120,2025-02-15 07:00:00,1,
U1120,2025-02-02 17:00:00,1,
U1121,2025-01-05 12:00:00,1,
U1121,2025-02-25 23:00:00,0,Incorrect password
U1121,2025-01-03 13:00:00,1,
U1122,2025-01-30 02:00:00,1,
U1123,2025-02-06 13:00:00,1,
U1123,2025-02-06 12:00:00,0,Incorrect password
U1123,2025-02-15 20:00:00,1,
U1124,2025-01-19 03:00:00,1,
U1124,2025-01-26 00:00:00,1,
U1124,2025-01-21 05:00:00,0,Suspicious device
U1124,2025-02-21 19:00:00,1,
U1125,2025-02-23 22:00:00,1,
U1125,2025-02-28 11:00:00,0,Incorrect password
U1125,2025-01-06 13:00:00,1,
U1125,2025-02-24 03:00:00,0,Expired OTP
U1126,2025-01-28 18:00:00,1,
U1126,2025-01-26 16:00:00,1,
U1127,2025-01-26 09:00:00,1,
U1128,2025-01-15 10:00:00,0,Incorrect password
U1128,2025-02-19 05:00:00,0,Incorrect password
U1128,2025-01-05 16:00:00,1,
U1129,2025-02-03 16:00:00,1,
U1130,2025-02-27 11:00:00,1,
U1130,2025-01-23 23:00:00,0,Suspicious device
U1131,2025-01-16 03:00:00,1,
U1131,2025-01-10 08:00:00,0,Incorrect password
U1132,2025-01-12 19:00:00,1,
U1132,2025-01-10 20:00:00,0,Incorrect password
U1133,2025-01-12 20:00:00,0,Suspicious device
U1134,2025-01-30 18:00:00,1,
U1134,2025-02-18 18:00:00,0,Incorrect password
U1134,2025-01-29 21:00:00,1,
U1134,2025-03-01 18:00:00,1,
U1135,2025-01-21 20:00:00,1,
U1135,2025-01-21 04:00:00,0,Expired OTP
U1135,2025-01-29 02:00:00,1,
U1135,2025-01-31 14:00:00,0,Expired OTP
U1135,2025-02-10 09:00:00,1,
U1136,2025-02-07 01:00:00,0,Network error
U1136,2025-01-23 16:00:00,0,Expired OTP
U1136,2025-01-05 09:00:00,1,
U1137,2025-01-29 01:00:00,0,Network error
U1137,2025-01-04 11:00:00,0,Network error
U1137,2025-02-23 09:00:00,1,
U1137,2025-01-05 20:00:00,1,
U1138,2025-02-09 19:00:00,1,
U1139,2025-01-25 14:00:00,1,
U1139,2025-02-07 17:00:00,1,
U1139,2025-02-20 23:00:00,1,
U1139,2025-02-27 01:00:00,1,
U1139,2025-01-29 18:00:00,0,Network error
U1140,2025-01-21 19:00:00,1,
U1140,2025-01-31 16:00:00,0,Suspicious device
U1141,2025-01-04 14:00:00,1,
U1141,2025-01-07 10:00:00,0,Suspicious device
U1142,2025-02-02 20:00:00,0,Incorrect password
U1143,2025-01-03 07:00:00,0,Incorrect password
U1143,2025-02-15 14:00:00,0,Expired OTP
U1144,2025-02-03 16:00:00,0,Expired OTP
U1144,2025-02-09 05:00:00,1,
U1144,2025-01-24 11:00:00,0,Expired OTP
U1144,2025-02-28 09:00:00,1,
U1145,2025-01-27 10:00:00,1,
U1145,2025-02-13 19:00:00,1,
U1145,2025-01-04 20:00:00,0,Network error
U1145,2025-02-11 10:00:00,0,Suspicious device
U1146,2025-01-22 03:00:00,1,
U1147,2025-02-13 12:00:00,1,
U1147,2025-01-19 08:00:00,1,
U1147,2025-02-16 21:00:00,1,
U1147,2025-02-28 19:00:00,1,
U1147,2025-02-25 04:00:00,1,
U1148,2025-01-06 18:00:00,1,
U1148,2025-02-12 04:00:00,1,
U1148,2025-02-28 11:00:00,1,
U1149,2025-02-11 22:00:00,1,
U1149,2025-02-12 12:00:00,0,Incorrect password
U1149,2025-01-09 19:00:00,1,
U1150,2025-01-20 17:00:00,1,
U1151,2025-02-11 10:00:00,1,
U1151,2025-02-22 04:00:00,1,
U1151,2025-02-12 22:00:00,1,
U1151,2025-02-23 23:00:00,1,
U1152,2025-01-06 20:00:00,1,
U1152,2025-02-12 13:00:00,0,Incorrect password
U1152,2025-02-02 11:00:00,1,
U1152,2025-01-02 11:00:00,1,
U1152,2025-01-20 05:00:00,1,
U1153,2025-01-22 15:00:00,0,Incorrect password
U1153,2025-01-13 07:00:00,0,Network error
U1154,2025-01-10 02:00:00,1,
U1154,2025-01-19 03:00:00,0,Network error
U1155,2025-02-19 17:00:00,0,Network error
U1155,2025-02-23 23:00:00,0,Expired OTP
U1155,2025-02-26 16:00:00,1,
U1155,2025-01-03 21:00:00,0,Network error
U1155,2025-01-22 19:00:00,1,
U1156,2025-02-08 12:00:00,0,Expired OTP
U1156,2025-01-10 05:00:00,1,
U1157,2025-02-23 22:00:00,1,
U1157,2025-02-19 19:00:00,1,
U1158,2025-02-16 14:00:00,1,
U1158,2025-01-03 13:00:00,1,
U1159,2025-02-13 23:00:00,1,
U1159,2025-01-16 14:00:00,0,Expired OTP
U1159,2025-02-09 09:00:00,0,Expired OTP
U1160,2025-01-15 17:00:00,0,Incorrect password
U1160,2025-01-16 09:00:00,1,
U1160,2025-02-21 15:00:00,1,
U1160,2025-02-27 06:00:00,1,
U1161,2025-02-13 18:00:00,1,
U1161,2025-01-29 14:00:00,1,
U1161,2025-02-19 09:00:00,1,
U1162,2025-02-02 16:00:00,0,Network error
U1162,2025-01-27 05:00:00,0,Expired OTP
U1162,2025-02-22 06:00:00,1,
U1162,2025-02-21 19:00:00,0,Incorrect password
U1163,2025-02-25 08:00:00,1,
U1163,2025-01-04 20:00:00,1,
U1164,2025-02-25 11:00:00,1,
U1164,2025-02-05 03:00:00,0,Network error
U1164,2025-02-15 16:00:00,1,
U1164,2025-02-24 03:00:00,1,
U1165,2025-01-06 05:00:00,1,
U1165,2025-01-18 14:00:00,0,Expired OTP
U1165,2025-02-27 16:00:00,0,Suspicious device
U1166,2025-02-23 13:00:00,0,Network error
U1166,2025-01-06 07:00:00,1,
U1167,2025-02-26 11:00:00,1,
U1167,2025-03-01 00:00:00,1,
U1167,2025-01-27 01:00:00,1,
U1167,2025-01-26 16:00:00,0,Expired OTP
U1168,2025-01-16 12:00:00,1,
U1168,2025-01-06 11:00:00,0,Suspicious device
U1168,2025-01-15 00:00:00,1,
U1169,2025-03-01 03:00:00,1,
U1169,2025-02-23 22:00:00,0,Suspicious device
U1169,2025-02-11 10:00:00,0,Expired OTP
U1170,2025-01-09 01:00:00,1,
U1170,2025-01-19 15:00:00,0,Suspicious device
U1171,2025-02-18 22:00:00,1,
U1171,2025-01-31 14:00:00,1,
U1172,2025-01-01 02:00:00,0,Incorrect password
U1172,2025-01-02 08:00:00,0,Network error
U1172,2025-01-14 04:00:00,0,Suspicious device
U1172,2025-02-05 23:00:00,0,Network error
U1172,2025-02-08 16:00:00,1,
U1173,2025-01-08 09:00:00,1,
U1173,2025-01-16 09:00:00,1,
U1173,2025-01-08 01:00:00,0,Suspicious device
U1173,2025-01-16 13:00:00,1,
U1174,2025-01-30 02:00:00,0,Network error
U1174,2025-01-08 15:00:00,0,Incorrect password
U1174,2025-02-08 17:00:00,0,Network error
U1174,2025-01-02 20:00:00,0,Expired OTP
U1174,2025-02-02 18:00:00,1,
U1175,2025-02-15 04:00:00,1,
U1175,2025-01-19 13:00:00,0,Network error
U1176,2025-02-09 11:00:00,1,
U1177,2025-02-06 13:00:00,1,
U1177,2025-01-12 21:00:00,0,Suspicious device
U1178,2025-02-03 11:00:00,1,
U1179,2025-02-03 17:00:00,1,
U1180,2025-02-20 16:00:00,1,
U1180,2025-02-05 00:00:00,0,Incorrect password
U1180,2025-01-25 15:00:00,1,
U1180,2025-01-03 20:00:00,1,
U1180,2025-01-25 11:00:00,1,
U1181,2025-02-17 00:00:00,0,Suspicious device
U1181,2025-01-23 02:00:00,1,
U1181,2025-01-23 07:00:00,0,Expired OTP
U1182,2025-02-19 18:00:00,1,
U1183,2025-01-09 01:00:00,0,Suspicious device
U1183,2025-01-23 17:00:00,1,
U1183,2025-01-22 20:00:00,0,Incorrect password
U1184,2025-02-23 21:00:00,0,Suspicious device
U1184,2025-01-30 22:00:00,1,
U1185,2025-02-10 05:00:00,1,
U1185,2025-02-21 04:00:00,1,
U1185,2025-01-05 22:00:00,0,Expired OTP
U1185,2025-02-19 14:00:00,0,Expired OTP
U1186,2025-01-19 06:00:00,1,
U1187,2025-02-20 06:00:00,1,
U1188,2025-01-21 09:00:00,1,
U1189,2025-01-26 17:00:00,0,Suspicious device
U1189,2025-01-31 08:00:00,1,
U1189,2025-01-03 20:00:00,1,
U1189,2025-01-13 09:00:00,1,
U1189,2025-01-23 01:00:00,1,
U1190,2025-01-18 03:00:00,1,
U1190,2025-02-21 11:00:00,1,
U1190,2025-01-28 12:00:00,0,Network error
U1191,2025-02-27 12:00:00,1,
U1191,2025-01-22 05:00:00,0,Expired OTP
U1191,2025-02-01 22:00:00,1,
U1191,2025-02-01 11:00:00,1,
U1192,2025-01-18 02:00:00,1,
U1192,2025-02-16 13:00:00,0,Network error
U1192,2025-01-06 13:00:00,1,
U1192,2025-02-08 05:00:00,1,
U1192,2025-02-04 09:00:00,0,Incorrect password
U1193,2025-01-07 02:00:00,1,
U1193,2025-01-21 21:00:00,0,Network error
U1193,2025-01-19 09:00:00,1,
U1194,2025-02-08 22:00:00,1,
U1194,2025-01-28 05:00:00,1,
U1194,2025-02-14 14:00:00,0,Suspicious device
U1194,2025-01-23 14:00:00,1,
U1195,2025-02-16 11:00:00,0,Network error
U1196,2025-01-28 08:00:00,1,
U1196,2025-02-10 01:00:00,1,
U1196,2025-01-05 21:00:00,1,
U1196,2025-02-10 12:00:00,1,
U1196,2025-01-24 16:00:00,0,Incorrect password
U1197,2025-03-02 00:00:00,1,
U1197,2025-01-10 19:00:00,0,Expired OTP
U1198,2025-01-03 04:00:00,1,
U1198,2025-01-05 07:00:00,1,
U1198,2025-02-19 20:00:00,1,
U1198,2025-01-24 11:00:00,1,
U1199,2025-03-02 18:00:00,0,Suspicious device
U1199,2025-01-03 19:00:00,1,
U1199,2025-01-10 21:00:00,1,
U1199,2025-01-29 11:00:00,1,
